VarJ,MaxNormIw,ESSClassic,SamplesThisIter,Bound,AvgNormIw,VarRet,EpsThisIter,VarDiscRet,AvgVanillaIw,BatchSize,AvgEpLen,AvgRet,VarVanillaIw,MaxVanillaIw,VanillaAvgRet,MinVanillaIw,MinNormIw,J,renyi2,VarNormIw,delta,ESSRenyi,AvgDiscRet,IterType
8393.15,0.226295,4.0011919506,50000,637.29,6.51754e-07,3598.74803392,8524,3598.74803392,4169.49,100,5.86579070859,48.6295995388,5.47421e+12,1.44768e+09,48.6295995388,7.11027e-14,1.11144e-23,26584.8,6.76023,1.33759e-07,0.6,0.115895805822,48.6295995388,1
14629.7,0.234463,4.00114311044,50000,869.347,6.77176e-07,3769.15730263,8204,3769.15730263,22065.1,100,6.09458800585,50.9170761358,1.58266e+14,7.63974e+09,50.9170761358,,,28651.9,6.76514,1.49066e-07,0.6,0.115328489452,50.9170761358,1
7494.37,0.24893,4.00000094968,50000,783.48,6.6999e-07,3782.86072318,8292,3782.86072318,11608.4,100,6.02990834539,50.2704738939,4.98532e+13,4.31303e+09,50.2704738939,2.74925e-06,1.58675e-16,23240.8,7.30422,1.66066e-07,0.6,0.0672694199392,50.2704738939,1
5543.93,0.219867,3.99999165352,50000,751.909,6.84519e-07,4479.28051087,8116,4479.28051087,3437.67,100,6.16067028093,51.5783614331,3.35943e+12,1.10418e+09,51.5783614331,8.68496e-10,1.72938e-19,23336.0,6.76558,1.33201e-07,0.6,0.1152780171,51.5783614331,1
