AvgEpLen,BatchSize,EpsThisIter,ESSRenyi,MinNormIw,VarVanillaIw,AvgVanillaIw,renyi2,VanillaAvgRet,IterType,MinVanillaIw,AvgDiscRet,J,VarRet,SamplesThisIter,ESSClassic,delta,MaxNormIw,VarDiscRet,VarJ,AvgNormIw,MaxVanillaIw,VarNormIw,Bound,AvgRet
5.87958607714,100,8504,0.0397668937697,4.0648e-36,2.09676e+11,1210.73,7.82989,48.7682699396,1,7.53328e-27,48.7682699396,42647.8,3677.39599563,50000,3.91765600354,0.6,0.147234,3677.39599563,7477.74,6.53288e-07,2.72868e+08,6.10463e-08,679.313,48.7682699396
6.10649731314,100,8188,0.0363034443247,1.43564e-20,8.04162e+14,68176.7,7.92101,51.0364423269,1,1.44256e-09,51.0364423269,39423.0,3941.71019414,50000,3.33692816363,0.6,0.156458,3941.71019414,7676.46,6.78499e-07,1.57211e+10,7.96474e-08,1142.15,51.0364423269
5.96658711217,100,8380,0.19559237875,8.9078e-17,5.71262e+11,1401.13,6.23689,49.632008635,1,1.88263e-07,49.632008635,16783.8,3200.43822199,50000,3.99352185006,0.6,0.218892,3200.43822199,5682.69,6.62954e-07,4.6262e+08,1.27894e-07,540.317,49.632008635
6.14552605703,100,8136,0.0368691436142,1.42365e-19,1.14203e+15,56038.2,7.90555,51.4265585076,1,1.16835e-08,51.4265585076,41758.8,6878.38547495,50000,4.00001121753,0.6,0.249163,6878.38547495,12444.9,6.82837e-07,2.0448e+10,1.69568e-07,2516.84,51.4265585076
