EpisodesSoFar,TimestepsSoFar,optimgain,Our_bound,Max_ret,entropy,Step_size,Max_iw,ev_tdlam_before,DiscEpRewMean,Var_iw,Ess,EpThisIter,Var_J,EpRewMean,Avg_iw,Var_ret,Avg_ret,EpLenMean,surrgain,entloss,J_hat,meankl,Reny_4,TimeElapsed
94,2000,0.027426597,211.19311304661576,496.8421630859375,1.4147766,1.0,3.492330551147461,-0.0009622573852539062,192.32880543309852,0.0037813482340425253,69.34981536865234,94,271.78118896484375,204.58224297201934,0.9999999403953552,9052.95703125,192.32879638671875,21.27659574468085,0.027426597,,216.29425048828125,0.009606908,1.1412139,3.4000673294067383
162,4000,0.02534779,320.7641088031497,633.2553100585938,1.4037695,1.0,4.988846302032471,0.016530334949493408,261.3415310251358,0.011833349242806435,37.6800651550293,68,1081.4615478515625,286.78031244890434,1.0,21393.61328125,261.3415222167969,29.41176470588235,0.02534779,,332.7279968261719,0.009296898,1.2157109,6.433290958404541
208,6000,0.024291825,527.4704601070545,788.3345947265625,1.3751428,1.0,8.071666717529297,-0.0027539730072021484,372.58325612114317,0.058445706963539124,12.471185684204102,46,3602.218505859375,428.9478452702093,1.0,44663.8359375,372.583251953125,43.47826086956522,0.024291825,,554.0181884765625,0.0097792,1.3047303,9.672006607055664
238,8000,0.018529637,566.8689555275629,788.4302978515625,1.3485042,1.0,5.325572490692139,0.023847579956054688,549.5061855441078,0.03736220672726631,14.145164489746094,30,3129.493408203125,663.1665327051654,1.0000001192092896,48049.078125,549.5061645507812,66.66666666666667,0.018529637,,597.5095825195312,0.007668934,1.3591001,12.81240701675415
265,10000,0.019949956,659.1122196567311,788.4266357421875,1.3215222,1.0,6.438974857330322,0.005000591278076172,597.3978903425818,0.06842838227748871,9.481781005859375,27,2203.795654296875,737.9851102870372,1.0,65402.6796875,597.3978881835938,74.07407407407408,0.019949956,,686.2156982421875,0.007943602,1.5073665,16.398948669433594
285,12000,0.0071504307,788.3910877330535,788.4297485351562,1.2931757,1.0,6.7829508781433105,-0.0013325214385986328,788.3762678764668,0.11736549437046051,5.974947452545166,20,3.435341568547301e-05,999.8928166389466,1.0,0.0040672412142157555,788.3762817382812,100.0,0.0071504307,,788.39501953125,0.007861822,1.4014956,19.957769632339478
