DiscEpRewMean,ev_tdlam_before,Var_iw,EpisodesSoFar,entloss,Our_bound,TimestepsSoFar,Avg_ret,Max_ret,entropy,Avg_iw,EpLenMean,optimgain,Step_size,TimeElapsed,Var_ret,J_hat,Max_iw,Reny_4,EpRewMean,meankl,Var_J,surrgain,EpThisIter
192.32880543309852,-0.0009622573852539062,0.09119783341884613,94,,169.25215011445445,2000,192.32879638671875,496.8421630859375,1.4147766,0.9468192458152771,21.27659574468085,0.027426595,1.0,3.360980749130249,9052.95703125,231.35987854003906,4.923427104949951,1.1412139,204.58224297201934,0.009606907,40288.0859375,0.027426595,94
261.34153106946314,0.016530156135559082,0.14183633029460907,162,,221.69763556693093,4000,261.3415222167969,633.2552490234375,1.4037669,0.9683319330215454,29.41176470588235,0.025347805,1.0,6.944695711135864,21393.611328125,332.9449768066406,4.8781418800354,1.215714,286.78031249623746,0.009296878,93507.3359375,0.025347805,68
372.58325777832636,-0.0027539730072021484,0.7768481969833374,208,,283.5579025800902,6000,372.583251953125,788.3345947265625,1.3751391,1.1434290409088135,43.47826086956522,0.024292,1.0,10.517050981521606,44663.8359375,537.5391235351562,13.069502830505371,1.304724,428.9478473525251,0.009779295,329699.6875,0.024292,46
549.5061869212421,0.023846745491027832,0.2207714468240738,238,,401.5373246391217,8000,549.5061645507812,788.4302978515625,1.3485005,1.106183648109436,66.66666666666667,0.018529868,1.0,13.821440696716309,48049.078125,644.0014038085938,6.235177993774414,1.3590994,663.166534682115,0.007668878,195962.765625,0.018529868,30
597.3978924226145,0.005000710487365723,0.21187461912631989,265,,407.70129508755656,10000,597.3978881835938,788.4266357421875,1.3215183,1.0213011503219604,74.07407407407408,0.01995004,1.0,17.2483491897583,65402.6796875,696.0957641601562,6.638374328613281,1.5073671,737.9851130796252,0.007943655,249514.109375,0.01995004,27
