AvgNormIw,VarJ,MinNormIw,delta,AvgVanillaIw,MinVanillaIw,AvgRet,MaxNormIw,J,EpsThisIter,Bound,ESSClassic,VarNormIw,AvgDiscRet,AvgEpLen,IterType,VarRet,VarVanillaIw,MaxVanillaIw,SamplesThisIter,BatchSize,ESSRenyi,VarDiscRet,renyi2,VanillaAvgRet
6.51143e-07,8791.03,2.6949e-22,0.6,82723.5,3.42369e-11,48.5751454048,0.174178,51246.5,8532,1049.45,3.41635973945,9.25241e-08,48.5751454048,5.86029067042,1,3486.5857924,1.49334e+15,2.21281e+10,50000,100,0.0437137661864,3486.5857924,7.73526,48.5751454048
6.39452e-07,15278.3,2.86423e-23,0.6,33638.3,1.50672e-12,47.5239145503,0.120268,49909.7,8688,967.72,3.74391468484,5.47191e-08,47.5239145503,5.75506445672,1,3556.79305705,1.51423e+14,6.32666e+09,50000,100,0.0419213358823,3556.79305705,7.77713,47.5239145503
6.5298e-07,10219.1,1.84643e-31,0.6,1646.59,4.65604e-22,48.7357617946,0.147111,25865.9,8508,969.623,3.99937162341,7.92662e-08,48.7357617946,5.87682181476,1,3496.26921944,5.04031e+11,3.70963e+08,50000,100,0.0346272301741,3496.26921944,7.96829,48.7357617946
