MaxNormIw,Bound,J,SamplesThisIter,delta,MaxVanillaIw,AvgRet,EpsThisIter,AvgEpLen,VarRet,VarDiscRet,VarJ,renyi2,MinNormIw,BatchSize,AvgVanillaIw,VarNormIw,IterType,MinVanillaIw,AvgNormIw,VarVanillaIw,AvgDiscRet,VanillaAvgRet,ESSClassic,ESSRenyi
0.0102229,0.263031,483.7,50000,0.5,3172.29,-3.602694527,100,500.0,38.645554645,38.645554645,13.6033,nan,1.35193e-31,100,17.1444,1.41949e-07,1,4.19521e-26,5.52486e-05,13668.9,-3.602694527,-3.602694527,19.3930670798,nan
0.045428,-1.12101,142.192,50000,0.5,4.19368e+16,-5.65786104176,100,500.0,14.7551717985,14.7551717985,0.512,nan,,100,5.10028e+13,2.50545e-06,1,5.15249e-30,5.52486e-05,2.13516e+30,-5.65786104176,-5.65786104176,21.9999932672,nan
