Reny_4,surrgain,meankl,Max_iw,DiscEpRewMean,optimgain,Step_size,EpRewMean,Our_bound,EpThisIter,J_hat,Var_J,entloss,EpLenMean,EpisodesSoFar,TimestepsSoFar,entropy,ev_tdlam_before,TimeElapsed
1.2170976,0.014814329,0.0071107214,5.092162609100342,192.6098183313309,0.014814329,1.0,204.58087528707023,165.65194992621431,94,205.32655334472656,16440.330078125,,21.27659574468085,94,2000,1.3962401,-0.001391291618347168,7.3592848777771
