EpRewMean,Avg_ret,Var_iw,Avg_iw,ev_tdlam_before,EpLenMean,optimgain,EpisodesSoFar,DiscEpRewMean,entloss,J_hat,EpThisIter,surrgain,meankl,Var_J,Var_ret,Max_iw,Step_size,Reny_4,TimeElapsed,entropy,Max_ret,Our_bound,TimestepsSoFar
204.58224297201934,192.32879638671875,0.26437655091285706,0.8624325394630432,-0.0009622573852539062,21.27659574468085,0.027426597,94,192.32880543309852,,186.5390625,94,0.027426597,0.00960697,47329.5390625,9052.95703125,3.0118889808654785,1.0,1.141214,3.571641206741333,1.4147766,496.8421630859375,119.22226212767822,2000
286.7803124567932,261.3415222167969,0.7062915563583374,0.9368759393692017,0.016530334949493408,29.41176470588235,0.025347779,162,261.341531035866,,311.7255859375,68,0.025347779,0.009296825,246234.65625,21393.61328125,4.673964500427246,1.0,1.2157127,6.536023139953613,1.4037684,633.2553100585938,131.19890930973756,4000
