AvgEpLen,J,VarJ,NatGradInftyNorm,NatGrad2Norm,AvgRet,StepSize,BatchSize
64.94,439.7555466317111,285.4187366735452,101.65608117038904,125.34164622633102,639.3535620007791,0.007978194240358765,100
96.88,579.7794210607854,274.69631205294985,96.18294057892055,118.18098513315495,959.2897975831852,0.008461598106271465,100
128.42,676.0516027312842,299.83903441645765,78.49731984426131,128.87228362007386,1276.4878006944853,0.00775962039245058,100
