std,EpRewMean,return,TimeElapsed,EpisodesSoFar,TimestepsSoFar,EpLenMean,bound,EpThisIter
27630.746,10.932341111255042,1965.6821,3.3590776920318604,200,4000,20.0,317.79565,200
173713320000000.0,18.984214944609825,15189536000000.0,6.530412673950195,400,8000,20.0,4829343600000.0,200
158928.45,19.006351163878264,12760.146,10.478361368179321,600,12000,20.0,3281.7188,200
