MaxNormIw,delta,IterType,ESSRenyi,AvgNormIw,VarJ,ESSClassic,AvgDiscRet,AvgRet,VarNormIw,MaxVanillaIw,EpsThisIter,VanillaAvgRet,J,AvgEpLen,VarRet,AvgVanillaIw,BatchSize,renyi2,MinVanillaIw,VarDiscRet,Bound,VarVanillaIw,MinNormIw,SamplesThisIter
0.0302868,0.5,1,nan,5.52486e-05,0.363241,17.5997651318,-4.15836161607,-4.15836161607,1.39072e-06,4.86098e+18,100,-4.15836161607,1103.34,500.0,36.525076166,8.8673e+15,100,nan,,36.525076166,3.95024,inf,,50000
0.0818404,0.5,1,nan,5.52486e-05,nan,9.53338503696,-0.554706249217,-0.554706249217,3.87876e-06,2.6361e+18,100,-0.554706249217,nan,500.0,5.3063098213,1.77957e+15,100,nan,,5.3063098213,nan,4.02421e+33,,50000
0.073216,0.5,1,nan,5.52486e-05,nan,11.8001792416,-0.977528772034,-0.977528772034,3.61131e-06,2.26277e+18,100,-0.977528772034,nan,500.0,66.8094283585,1.70748e+15,100,nan,,66.8094283585,nan,3.44933e+33,,50000
0.0931704,0.5,1,nan,5.52486e-05,0.724226,9.97634818447,-10.9037332616,-10.9037332616,4.80457e-06,1.01426e+18,100,-10.9037332616,465.364,500.0,32.7497002177,6.01442e+14,100,nan,,32.7497002177,-3.10463,5.69376e+32,,50000
