SamplesThisIter,VarNormIw,Bound,MinNormIw,VarRet,VanillaAvgRet,VarDiscRet,BatchSize,ESSClassic,ESSRenyi,AvgRet,EpsThisIter,renyi2,AvgDiscRet,VarVanillaIw,AvgNormIw,MaxNormIw,delta,VarJ,AvgVanillaIw,IterType,AvgEpLen,MinVanillaIw,MaxVanillaIw,J
50000,1.29218e-07,702.131,1.38843e-40,4672.42430824,50.8285634894,4672.42430824,100,4.0,0.0863611843585,50.8285634894,8216,7.05439,50.8285634894,1.01042e+15,6.76187e-07,0.217562,0.6,11079.6,59793.8,1,6.08568646543,1.22776e-29,1.92385e+10,38629.2
50000,1.43497e-07,551.125,,3714.54583088,49.9528141948,3714.54583088,100,4.00001812079,0.047960777077,49.9528141948,8336,7.64254,49.9528141948,5.46342e+13,6.66454e-07,0.231687,0.6,8150.75,13004.1,1,5.9980806142,,4.52077e+09,26880.6
50000,4.26342e-08,900.763,5.83612e-14,3561.47197192,49.6094495841,3561.47197192,100,4.00179410956,0.058045942031,49.6094495841,8384,7.45169,49.6094495841,8.90652e+08,6.62638e-07,0.114722,0.6,2363.69,95.7747,1,5.96374045802,8.43526e-06,1.65814e+07,16539.1
