renyi2,AvgDiscRet,IterType,MinVanillaIw,AvgRet,Bound,VarJ,VarDiscRet,VarNormIw,J,VarRet,MaxVanillaIw,AvgEpLen,delta,BatchSize,SamplesThisIter,ESSClassic,EpsThisIter,VarVanillaIw,MinNormIw,AvgNormIw,ESSRenyi,AvgVanillaIw,VanillaAvgRet,MaxNormIw
7.14456,49.4337155533,1,4.05013e-16,49.4337155533,659.908,12455.1,3409.75795221,2.34677e-08,32850.1,3409.75795221,7.32965e+07,5.94671741199,0.6,100,50000,2.97147947002,8408,2.56271e+10,3.87574e-25,6.60746e-07,0.0789146993944,690.477,49.4337155533,0.0701405
6.65123,51.5778283204,1,3.78117e-14,51.5778283204,701.878,6137.28,4353.32577039,7.78306e-08,33053.5,4353.32577039,1.25764e+08,6.16067028093,0.6,100,50000,4.00008651171,8116,5.19677e+10,4.62737e-23,6.84519e-07,0.129242912938,559.341,51.5778283204,0.153909
7.30634,48.4649944967,1,1.98615e-10,48.4649944967,859.978,6487.08,3675.53020919,8.32149e-08,30238.5,3675.53020919,1.31918e+08,5.84932147871,0.6,100,50000,4.00007907967,8548,4.70187e+10,2.64227e-19,6.49925e-07,0.0671269902206,488.537,48.4649944967,0.175497
