TimestepsSoFar,optimgain,EpRewMean,EpisodesSoFar,entloss,ev_tdlam_before,TimeElapsed,surrgain,J_hat,EpLenMean,EpThisIter,entropy,meankl
2000,0.03341,-64.1244369126,200,,-0.011209487915,1.7322700023651123,0.03341,-60.4564,10.0,200,1.38222,0.0102277
4000,0.0364893,-52.6628436853,400,,-0.00120675563812,3.467150926589966,0.0364893,-51.1983,10.0,200,1.34314,0.00988022
6000,0.0356387,-52.4256038029,600,,-0.00177645683289,5.238892555236816,0.0356387,-46.4247,10.0,200,1.28562,0.00919476
