EpisodesSoFar,ev_tdlam_before,TimeElapsed,EpRewMean,optimgain,surrgain,meankl,entropy,TimestepsSoFar,EpLenMean,EpThisIter,entloss
195,0.000580072402954,2.6592376232147217,244.741089618,0.0101032,0.0101032,0.0101051,1.39963,4970,25.4871794872,195,
349,0.000185430049896,5.177682876586914,311.273707248,0.0173788,0.0173788,0.00976855,1.38558,9920,32.1428571429,154,
469,0.00111794471741,7.693185567855835,403.284547292,0.0208472,0.0208472,0.00985528,1.37183,14882,41.35,120,
