EpThisIter,EpDiscRewStd,EpisodesSoFar,EpLenMean,TimestepsSoFar,EpDiscRewMean,TimeElapsed,EpRewMean,EpBound
100,7.019467558489568,100,27.04,2704,36.50492477416992,7.870704412460327,260.2600374079682,30.57159996032715
100,6.6012575743187,200,23.86,5090,33.5788688659668,20.352991104125977,228.46917258581146,27.99904441833496
