EpDiscRewMean,EpThisIter,EpisodesSoFar,Bound,EpDiscRewStd,TimestepsSoFar,TimeElapsed,EpRewMean,Itaration,EpLenMean
216.29773,100,100,208.49406,92.32185,2607,1.6803557872772217,251.8763952676207,1,26.2
264.27136,100,200,256.76636,88.788506,5848,79.62936902046204,335.87421892206186,2,34.6
311.95035,100,300,305.02408,81.941895,9750,157.20265769958496,374.83527125106195,3,38.5
