EpRewMean,TimestepsSoFar,surrgain,optimgain,ev_tdlam_before,entropy,meankl,TimeElapsed,entloss,EpThisIter,EpLenMean,EpisodesSoFar
247.185458492,4992,0.0192973,0.0192973,0.000667750835419,1.3989,0.00954461,2.792602062225342,,194,25.7319587629,194
310.620392117,9964,0.0211778,0.0211778,0.00276303291321,1.38,0.00947222,5.462990999221802,,155,32.0774193548,349
458.169943566,14882,0.0220158,0.0220158,0.00041788816452,1.37381,0.00930278,8.180147171020508,,105,46.8380952381,454
610.517812998,19848,0.0167464,0.0167464,0.000120401382446,1.33663,0.00999823,10.776250123977661,,80,62.075,534
