TimeElapsed,ev_tdlam_before,J_hat,meankl,EpRewMean,entropy,EpisodesSoFar,DiscEpRewMean,Var_J,TimestepsSoFar,surrgain,entloss,optimgain,EpThisIter,EpLenMean
6.018437623977661,0.0002040266990661621,221.74778747558594,0.009244584,210.38263829643776,1.4064722,229,185.49646456705085,35930.90234375,5000,0.021423867,,0.021423867,229,21.83406113537118
