EpisodesSoFar,entropy,Var_J,meankl,surrgain,TimeElapsed,ev_tdlam_before,EpLenMean,EpRewMean,TimestepsSoFar,optimgain,entloss,EpThisIter,J_hat
187,1.40581,48387.41015625,0.00917325,0.0231432,5.700176000595093,0.000132322311401,26.3315508021,253.182236522,4924,0.0231432,,187,278.30096435546875
324,1.39017,200360.109375,0.00978759,0.0249728,11.101154088973999,0.00379431247711,36.4233576642,354.06406095,9914,0.0249728,,137,422.80279541015625
418,1.36173,169855.984375,0.0103794,0.027881,16.37314224243164,0.00283563137054,52.9361702128,519.132099274,14890,0.027881,,94,500.347412109375
468,1.32866,220525.078125,0.0098913,0.0223957,21.799633026123047,0.00201463699341,99.14,981.023073732,19847,0.0223957,,50,718.6849975585938
