surrgain,EpisodesSoFar,TimestepsSoFar,EpRewMean,EpLenMean,StudentTBound,meankl,ev_tdlam_before,EpThisIter,optimgain,TimeElapsed,entropy,entloss
0.0239378,191,4981,250.654811624,26.0785340314,265.104115711,0.00889248,0.000358939170837,191,0.0239378,8.41316843032837,1.43041,
0.0244828,318,9932,379.639616338,38.9842519685,397.283600401,0.00960587,0.00962561368942,127,0.0244828,15.300126552581787,1.42895,
