entropy,EpRewMean,TimeElapsed,surrgain,optimgain,EpThisIter,EpLenMean,entloss,ev_tdlam_before,meankl,EpisodesSoFar,TimestepsSoFar
1.39726,-130.574287998,1.534226894378662,0.0276909,0.0276909,200,20.0,,-0.00693488121033,0.00984325,200,4000
1.36828,-109.611470158,2.9308383464813232,0.0306295,0.0306295,200,20.0,,0.00048953294754,0.00969384,400,8000
1.31876,-82.0798231032,4.818997383117676,0.0314527,0.0314527,200,20.0,,-0.00437903404236,0.0096938,600,12000
