ev_tdlam_before,DiscEpRewMean,Var_J,TimeElapsed,entloss,entropy,EpThisIter,J_hat,EpLenMean,EpRewMean,optimgain,EpisodesSoFar,TimestepsSoFar,surrgain,meankl
0.000204026699066,185.496464567,35931.11328125,5.5442845821380615,,1.40647,229,221.7480926513672,21.8340611354,210.382638296,0.0214239,229,5000,0.0214239,0.00924453
0.00268250703812,241.596312712,78456.0859375,11.275003910064697,,1.39253,169,307.9416198730469,29.5857988166,288.688492996,0.0216186,398,10000,0.0216186,0.00985969
0.00112444162369,297.219644834,68212.5546875,17.164642333984375,,1.37588,130,337.3350830078125,38.4615384615,378.219351444,0.0233638,528,15000,0.0233638,0.0104603
8.20755958557e-05,452.256722247,98125.34375,22.921380043029785,,1.361,75,489.72540283203125,66.6666666667,662.993111693,0.0215419,603,20000,0.0215419,0.00930431
5.19752502441e-05,575.317543559,151570.84375,28.356547594070435,,1.34736,56,647.6333618164062,89.2857142857,891.625531151,0.0172015,659,25000,0.0172015,0.00860327
3.69548797607e-06,633.920402233,39530.62109375,33.77471971511841,,1.34248,50,587.4636840820312,100.0,999.925817223,0.00265043,709,30000,0.00265043,0.00319323
2.28881835938e-05,582.800862156,73849.8515625,39.15644311904907,,1.32177,55,561.3160400390625,90.9090909091,908.030263259,0.0154791,764,35000,0.0154791,0.00740412
