EpRewMean,EpThisIter,EpisodesSoFar,entloss,EpLenMean,entropy,optimgain,ev_tdlam_before,surrgain,meankl,TimestepsSoFar,TimeElapsed
244.741089618,195,195,,25.4871794872,1.39963,0.0101032,0.000580072402954,0.0101032,0.0101051,4970,2.553380012512207
311.273707248,154,349,,32.1428571429,1.38558,0.0173788,0.000185430049896,0.0173788,0.00976855,9920,4.932260274887085
403.284547292,120,469,,41.35,1.37183,0.0208476,0.00113826990128,0.0208476,0.00985528,14882,7.326395034790039
627.741044688,78,547,,63.8076923077,1.35214,0.0224797,0.00444823503494,0.0224797,0.00945718,19859,9.84365177154541
857.601847708,57,604,,86.7894736842,1.32141,0.00981871,0.00371879339218,0.00981871,0.00885343,24806,12.35216236114502
