TimeElapsed,meankl,EpLenMean,entloss,ev_tdlam_before,J_new,entropy,J_old,EpRewMean,surrgain,optimgain,TimestepsSoFar,EpThisIter,EpisodesSoFar
19.696687936782837,0.00960704,26.1111111111,,-0.000950455665588,246.74473571777344,1.42032,216.76788330078125,250.986136794,0.00739841,0.00739841,940,36,36
37.37828516960144,0.00873124,28.7352941176,,0.00057578086853,244.7130126953125,1.4357,234.9693603515625,277.202742668,0.0206908,0.0206908,1917,34,70
