EpLenMean,EpThisIter,EpisodesSoFar,ev_tdlam_before,StudentTBound,optimgain,surrgain,TimeElapsed,EpRewMean,entropy,entloss,TimestepsSoFar,meankl
24.92,200,200,0.000840961933136,219.557302846,0.00872442,0.00872442,3.7319700717926025,239.072189953,1.41491,,4984,0.00666942
28.4655172414,174,374,0.000891208648682,265.897753908,0.0171454,0.0171454,7.188082456588745,274.511234356,1.40915,,9937,0.0086228
