VarJ,AvgEpLen,NatGradInftyNorm,AvgRet,StepSize,NatGrad2Norm,J,BatchSize
20.78062949288351,11.99,18.014994755752692,109.82513653777539,0.03554185303215269,28.135843088860813,109.82513653777539,100
