ESSClassic,AvgVanillaIw,MaxNormIw,AvgDiscRet,delta,VarJ,VarRet,VarDiscRet,ESSRenyi,VarNormIw,renyi2,MaxVanillaIw,MinVanillaIw,J,AvgNormIw,MinNormIw,Bound,AvgRet,IterType,SamplesThisIter,VarVanillaIw,EpsThisIter,VanillaAvgRet,AvgEpLen,BatchSize
20.6685521075,6.88776e+08,0.0358834,-7.30980375153,0.5,3.35007,13.2893540031,13.2893540031,nan,1.66292e-06,nan,4.47353e+11,7.02757e-36,-432.199,5.52486e-05,,-4.91773,-7.30980375153,1,50000,2.58455e+20,100,-7.30980375153,500.0,100
24.4177571219,2396.12,0.0270525,-3.91643491985,0.5,17.5909,18.6724909551,18.6724909551,nan,7.65202e-07,nan,1.17326e+06,1.56809e-23,296.814,5.52486e-05,3.61564e-31,-0.501474,-3.91643491985,1,50000,1.43929e+09,100,-3.91643491985,500.0,100
20.6176197409,110212.0,0.0583837,-1.64221899844,0.5,16.6664,17.4896021976,17.4896021976,nan,2.66224e-06,nan,1.16466e+08,,715.768,5.52486e-05,,1.49787,-1.64221899844,1,50000,1.05941e+13,100,-1.64221899844,500.0,100
